{"cameraMode":{"drawMode":0,"name":"Shaded","section":"Shading Mode"},"sceneLighting":true,"audioPlay":false,"sceneViewState":{"showFog":true,"showMaterialUpdate":false,"showSkybox":true,"showFlares":true,"showImageEffects":true,"showParticleSystems":true},"in2DMode":false,"pivot":{"x":25.43271255493164,"y":13.896728515625,"z":60.24806213378906},"rotation":{"x":0.31835612654685976,"y":-0.445209264755249,"z":0.1730949580669403,"w":0.8188287615776062},"size":48.184165954589847,"orthographic":false}