{"cameraMode":{"drawMode":2,"name":"Shaded Wireframe","section":"Shading Mode"},"sceneLighting":true,"audioPlay":false,"sceneViewState":{"showFog":true,"showMaterialUpdate":false,"showSkybox":true,"showFlares":true,"showImageEffects":true,"showParticleSystems":true},"in2DMode":false,"pivot":{"x":-41.568660736083987,"y":55.142555236816409,"z":1.6058902740478516},"rotation":{"x":-0.29888248443603518,"y":-0.11924999952316284,"z":0.037682633846998218,"w":-0.9460697174072266},"size":20.696598052978517,"orthographic":false}