{"cameraMode":{"drawMode":0,"name":"Shaded","section":"Shading Mode"},"sceneLighting":true,"audioPlay":false,"sceneViewState":{"showFog":true,"showMaterialUpdate":false,"showSkybox":true,"showFlares":true,"showImageEffects":true,"showParticleSystems":true},"in2DMode":false,"pivot":{"x":114.8513412475586,"y":-33.61487579345703,"z":54.49067687988281},"rotation":{"x":-0.33762097358703616,"y":0.2809387743473053,"z":-0.1063273474574089,"w":-0.892067551612854},"size":116.9365463256836,"orthographic":false}