{"cameraMode":{"drawMode":0,"name":"Shaded","section":"Shading Mode"},"sceneLighting":true,"audioPlay":false,"sceneViewState":{"showFog":true,"showMaterialUpdate":false,"showSkybox":true,"showFlares":true,"showImageEffects":true,"showParticleSystems":true},"in2DMode":false,"pivot":{"x":-48.060298919677737,"y":31.977142333984376,"z":43.239505767822269},"rotation":{"x":0.3730151057243347,"y":0.048673078417778018,"z":-0.01959984190762043,"w":0.926344096660614},"size":24.107316970825197,"orthographic":false}